﻿<?xml version="1.0" encoding="utf-8"?>
<ApplicationPackage SchemaVersion="1.0"
    ProductType="Application"
    AutodeskProduct="3ds Max"
    Name="Color Llama"
    Description="Expanded 3ds Max Color Picker Dialog"
    AppVersion="1.0.0"
    SupportedLocales="Enu"
    Author="Curtis Wartenberg"
    ProductCode="{AD41DB73-BDC7-4A72-9DEA-932E92CD5FA0}"
    UpgradeCode="{10D4C227-F560-48C8-8918-4D4137B318A2}">

    <RuntimeRequirements OS="Win64" Platform="3ds Max" SeriesMin="2022" SeriesMax="2022" />
    <CompanyDetails Name="ColorLlama Color Picker" Url="curtiswartenberg.com" Email="" />
    <!-- Main plugin locations -->
    <!-- YEAR 2022 -->
    <Components Description="plugins parts">
        <RuntimeRequirements OS="Win64" Platform="3ds Max" SeriesMin="2022" SeriesMax="2022" />
        <ComponentEntry ModuleName="./Contents/Bin/2022/ColorLlama.dlu" />
    </Components>
    <!-- YEAR 2020 and 2021 -->
    <Components Description="plugins parts">
        <RuntimeRequirements OS="Win64" Platform="3ds Max" SeriesMin="2020" SeriesMax="2021" />
        <ComponentEntry ModuleName="./Contents/Bin/2020/ColorLlama.dlu" />
    </Components>

</ApplicationPackage>